match_id,date,venue,winner,loser,margin,margin_type,winner_rating,loser_rating,winner_expected,rating_change,winner_xi_size,loser_xi_size
682899,2014-03-16,Zahur Ahmed Chowdhury Stadium,Nepal,Hong Kong,80,runs,1500.0,1500.0,0.5,24.0,11,11
682901,2014-03-17,Sylhet Stadium,Ireland,Zimbabwe,3,wickets,1500.0,1500.0,0.5,19.2,11,11
682903,2014-03-17,Sylhet Stadium,Netherlands,United Arab Emirates,6,wickets,1500.0,1500.0,0.5,24.0,11,11
682907,2014-03-18,Zahur Ahmed Chowdhury Stadium,Bangladesh,Nepal,8,wickets,1500.0,1502.1818181818182,0.49686015251064697,24.150712679488947,9,10
682909,2014-03-19,Sylhet Stadium,Zimbabwe,Netherlands,5,wickets,1498.4290909090907,1502.1818181818182,0.4945996013405439,19.40737530852311,10,11
682911,2014-03-19,Sylhet Stadium,Ireland,United Arab Emirates,21,runs,1501.586776859504,1498.2148760330579,0.5048524030142807,19.013667724251622,11,11
682915,2014-03-20,Zahur Ahmed Chowdhury Stadium,Hong Kong,Bangladesh,2,wickets,1498.2148760330579,1501.596741334181,0.49513325830852345,16.155735734127248,11,11
682919,2014-03-21,Sylhet Stadium,Netherlands,Ireland,6,wickets,1500.4175113355889,1503.0879731494347,0.49615697220140015,24.184465334332796,11,9
682921,2014-03-21,Shere Bangla National Stadium,India,Pakistan,7,wickets,1500.0,1500.0,0.5,24.0,10,11
682917,2014-03-21,Sylhet Stadium,Zimbabwe,United Arab Emirates,5,wickets,1500.0171384552496,1496.6022891775349,0.5049142049083515,19.0112945315193,11,11
682925,2014-03-22,Zahur Ahmed Chowdhury Stadium,New Zealand,England,9,runs,1500.0,1500.0,0.5,16.0,8,10
682923,2014-03-22,Zahur Ahmed Chowdhury Stadium,Sri Lanka,South Africa,5,runs,1500.0,1500.0,0.5,16.0,11,11
682929,2014-03-23,Shere Bangla National Stadium,India,West Indies,7,wickets,1502.1818181818182,1500.0,0.503139847489353,23.849287320511053,10,10
682927,2014-03-23,Shere Bangla National Stadium,Pakistan,Australia,16,runs,1498.0165289256197,1500.0,0.49714558667955927,19.30960947150492,11,11
682931,2014-03-24,Zahur Ahmed Chowdhury Stadium,South Africa,New Zealand,2,runs,1498.6776859504132,1501.0578512396698,0.496574720388294,16.109608947574593,11,11
682933,2014-03-24,Zahur Ahmed Chowdhury Stadium,Sri Lanka,Netherlands,9,wickets,1501.4545454545457,1502.6160990932551,0.4983283961696481,24.080236983856892,7,11
682935,2014-03-25,Shere Bangla National Stadium,West Indies,Bangladesh,73,runs,1498.0289845189657,1500.2629266606452,0.49678514313185596,24.154313129670914,11,11
682939,2014-03-27,Zahur Ahmed Chowdhury Stadium,England,Sri Lanka,6,wickets,1498.6776859504132,1502.9869241717001,0.49379882567405275,24.297656367645466,11,10
682937,2014-03-27,Zahur Ahmed Chowdhury Stadium,South Africa,Netherlands,6,runs,1500.1412899956674,1500.4269866401776,0.49958884957094074,16.013156813729896,11,11
682941,2014-03-28,Shere Bangla National Stadium,West Indies,Australia,6,wickets,1500.0277296190145,1498.563748055839,0.5021068263584247,23.898872334795612,10,11
682943,2014-03-28,Shere Bangla National Stadium,India,Bangladesh,8,wickets,1503.9149416898601,1498.4663248576117,0.5078405471848277,23.62365373512827,10,11
682947,2014-03-29,Zahur Ahmed Chowdhury Stadium,South Africa,England,3,runs,1501.3181389354925,1500.8865638020172,0.5006210862235854,15.980125240845268,10,11
682945,2014-03-29,Zahur Ahmed Chowdhury Stadium,New Zealand,Netherlands,6,wickets,1499.846573894722,1498.9712451116568,0.501259696714344,23.93953455771149,10,11
682951,2014-03-30,Shere Bangla National Stadium,India,Australia,73,runs,1504.7254837061578,1496.5886346397392,0.5117077266808788,23.438029119317818,11,11
682949,2014-03-30,Shere Bangla National Stadium,Pakistan,Bangladesh,50,runs,1499.8107115265705,1496.7796533925189,0.5043619326359517,23.790627233474318,11,11
682955,2014-03-31,Zahur Ahmed Chowdhury Stadium,Sri Lanka,New Zealand,59,runs,1500.5768802859036,1501.7058583888343,0.49837527562465156,24.077986770016725,11,11
682953,2014-03-31,Zahur Ahmed Chowdhury Stadium,Netherlands,England,45,runs,1496.7949237882278,1499.49731662205,0.4961110225170223,24.18667091918293,11,11
682957,2014-04-01,Shere Bangla National Stadium,Australia,Bangladesh,7,wickets,1495.370243499362,1495.3976003092378,0.49996063038594907,24.001889741474443,10,11
682959,2014-04-01,Shere Bangla National Stadium,West Indies,Pakistan,84,runs,1502.1999445832173,1501.9734958205227,0.5003258859196711,23.984357475855788,11,11
682961,2014-04-03,Shere Bangla National Stadium,Sri Lanka,West Indies,27,runs,1502.5365406479627,1504.380750510892,0.49734599358925646,19.30191384617255,10,9
682963,2014-04-04,Shere Bangla National Stadium,India,South Africa,6,wickets,1506.856213626096,1502.784457033669,0.5058594605152642,23.71874589526732,11,11
682965,2014-04-06,Shere Bangla National Stadium,Sri Lanka,India,6,wickets,1504.2014677163645,1509.0124632529385,0.4930768633557241,24.332310558925244,11,11
951311,2016-03-09,Himachal Pradesh Cricket Association Stadium,Oman,Ireland,2,wickets,1500.0,1501.0114783641634,0.49854436973538346,16.046580168467727,11,11
951309,2016-03-09,Himachal Pradesh Cricket Association Stadium,Bangladesh,Netherlands,8,runs,1494.7340556947092,1499.176673498407,0.4936069074735975,16.20457896084488,11,11
951313,2016-03-10,"Vidarbha Cricket Association Stadium, Jamtha",Zimbabwe,Scotland,11,runs,1501.1118238750437,1500.0,0.501600037713691,19.138558551794265,11,11
951323,2016-03-12,"Vidarbha Cricket Association Stadium, Jamtha",Scotland,Hong Kong,8,wickets,1498.7820917285221,1499.3539492218613,0.4991770316559963,24.03950248051218,10,10
951325,2016-03-13,Himachal Pradesh Cricket Association Stadium,Netherlands,Ireland,12,runs,1497.9078706711225,1499.801258535281,0.4972752228040922,19.304631444322858,9,11
951327,2016-03-13,Himachal Pradesh Cricket Association Stadium,Bangladesh,Oman,54,runs,1497.3082548261157,1501.4587800153151,0.4940271982325415,24.28669448483801,8,11
951329,2016-03-15,"Vidarbha Cricket Association Stadium, Jamtha",New Zealand,India,47,runs,1499.3922519796315,1505.4552218064384,0.49127557061876026,24.418772610299506,11,11
951331,2016-03-16,Wankhede Stadium,West Indies,England,6,wickets,1501.7506398133976,1498.6830933970089,0.5044144394506314,23.788106906369695,10,11
951333,2016-03-16,Eden Gardens,Pakistan,Bangladesh,55,runs,1499.7779945104148,1498.0024345770814,0.5025552139016423,23.87734973272117,10,11
951337,2016-03-18,Himachal Pradesh Cricket Association Stadium,New Zealand,Australia,8,runs,1501.4103323606482,1498.7839631767167,0.5037795770904261,15.879053533106365,11,11
951339,2016-03-18,Wankhede Stadium,England,South Africa,2,wickets,1496.5205382237023,1500.5544878976382,0.4941949406111327,16.18576190044375,11,11
951341,2016-03-19,Eden Gardens,India,Pakistan,6,wickets,1503.2353333873207,1501.5741780474389,0.5023905764857411,23.885252328684423,11,11
951345,2016-03-20,M Chinnaswamy Stadium,West Indies,Sri Lanka,7,wickets,1503.575645383344,1503.6530697412024,0.4998885773941947,24.005348285078654,9,11
951347,2016-03-21,M Chinnaswamy Stadium,Australia,Bangladesh,3,wickets,1497.4716447029066,1496.542694683874,0.5013368633555492,19.14866444714691,11,11
951349,2016-03-22,"Punjab Cricket Association IS Bindra Stadium, Mohali",New Zealand,Pakistan,22,runs,1502.8538826818397,1499.6406201968603,0.5046241245953867,19.02243361553715,11,11
951353,2016-03-23,M Chinnaswamy Stadium,India,Bangladesh,1,runs,1505.4067199626554,1494.3737010669079,0.5158724555327446,15.492081422952172,11,11
951357,2016-03-25,"Vidarbha Cricket Association Stadium, Jamtha",West Indies,South Africa,3,wickets,1505.544625882782,1499.3457739685693,0.5089199185425577,18.857475127965785,11,11
951355,2016-03-25,"Punjab Cricket Association IS Bindra Stadium, Mohali",Australia,Pakistan,21,runs,1498.5124710046448,1498.0685182451632,0.50063889903101,19.175466277209214,10,11
951359,2016-03-26,Eden Gardens,New Zealand,Bangladesh,75,runs,1503.8045027055034,1492.9653300284576,0.5155937646183262,23.251499298320343,11,11
951361,2016-03-26,Feroz Shah Kotla,England,Sri Lanka,10,runs,1498.0548004213124,1500.9791170582096,0.49579166944262354,19.361599893403255,11,11
951363,2016-03-27,"Punjab Cricket Association IS Bindra Stadium, Mohali",India,Australia,6,wickets,1506.815091001106,1500.2594717702234,0.5094331749965165,23.547207600167205,11,11
951367,2016-03-28,Feroz Shah Kotla,South Africa,Sri Lanka,8,wickets,1498.082018965469,1499.2457410725751,0.4983252755277149,24.080386774669684,10,11
951369,2016-03-30,Feroz Shah Kotla,England,New Zealand,7,wickets,1499.8149458661674,1506.3126451897385,0.49065014904299914,24.448792845936044,11,11
951371,2016-03-31,Wankhede Stadium,West Indies,India,7,wickets,1506.8941428778999,1507.6212965113502,0.49895354332999353,24.050229920160312,9,9
951373,2016-04-03,Eden Gardens,West Indies,England,4,wickets,1508.7819813176482,1502.037563397616,0.5097047786299913,18.827336500608332,10,11
1273713,2021-10-17,Al Amerat Cricket Ground Oman Cricket (Ministry Turf 1),Scotland,Bangladesh,6,runs,1499.9266822022205,1495.12400965264,0.5069111611955571,15.778842841742172,11,11
1273712,2021-10-17,Al Amerat Cricket Ground Oman Cricket (Ministry Turf 1),Oman,Papua New Guinea,10,wickets,1499.5719421134352,1500.0,0.49938397549385816,24.029569176294807,7,11
1273714,2021-10-18,"Zayed Cricket Stadium, Abu Dhabi",Ireland,Netherlands,7,wickets,1499.5692523389318,1499.3494116807442,0.5003163760967625,23.9848139473554,9,11
1273715,2021-10-18,"Zayed Cricket Stadium, Abu Dhabi",Sri Lanka,Namibia,7,wickets,1499.89709553327,1500.0431645590638,0.4997897897865469,24.01009009024575,10,11
1273716,2021-10-19,Al Amerat Cricket Ground Oman Cricket (Ministry Turf 1),Scotland,Papua New Guinea,17,runs,1501.230718800712,1498.0140851920414,0.5046289756169812,19.022247336307924,11,11
1273717,2021-10-19,Al Amerat Cricket Ground Oman Cricket (Ministry Turf 1),Bangladesh,Oman,26,runs,1494.1611162066731,1500.9872485298235,0.49017766973196303,19.577177482292615,11,11
1273718,2021-10-20,"Zayed Cricket Stadium, Abu Dhabi",Namibia,Netherlands,6,wickets,1497.8700212205504,1497.6430528937155,0.5003266336322553,23.98432158565175,9,10
1273719,2021-10-20,"Zayed Cricket Stadium, Abu Dhabi",Sri Lanka,Ireland,70,runs,1501.5317307677199,1501.1007265534267,0.5006202646061026,23.970227298907073,11,11
1273720,2021-10-21,Al Amerat Cricket Ground Oman Cricket (Ministry Turf 1),Bangladesh,Papua New Guinea,84,runs,1495.9408596141545,1496.7977987717902,0.49876676791954155,24.059195139862005,11,11
1273721,2021-10-21,Al Amerat Cricket Ground Oman Cricket (Ministry Turf 1),Scotland,Oman,8,wickets,1502.9101563719355,1499.4629947144765,0.5049607016262542,23.761886321939798,10,11
1273723,2021-10-22,Sharjah Cricket Stadium,Sri Lanka,Netherlands,8,wickets,1504.2825291184452,1496.1648396618714,0.5116801688680744,23.439351894332425,9,11
1273722,2021-10-22,Sharjah Cricket Stadium,Namibia,Ireland,8,wickets,1499.8081482173704,1498.9216149807983,0.5012758211154432,23.938760586458727,9,11
1273725,2021-10-23,Dubai International Cricket Stadium,England,West Indies,6,wickets,1499.7891609838848,1503.8264716979406,0.49419010433812066,24.278874991770206,10,11
1273724,2021-10-23,"Zayed Cricket Stadium, Abu Dhabi",Australia,South Africa,5,wickets,1498.5085877842635,1499.468751784324,0.4986182164468604,19.253060488440557,11,11
1273726,2021-10-24,Sharjah Cricket Stadium,Sri Lanka,Bangladesh,5,wickets,1504.8926730455505,1497.5015278756262,0.5106351086418703,18.791611828152178,11,10
1273727,2021-10-24,Dubai International Cricket Stadium,Pakistan,India,10,wickets,1499.781675300831,1504.3052913818801,0.49349036098882887,24.312462672536217,8,11
1273730,2021-10-26,Sharjah Cricket Stadium,Pakistan,New Zealand,5,wickets,1501.092538880941,1501.7219647095458,0.49909418440965975,19.234783318669066,11,11
1273729,2021-10-26,Dubai International Cricket Stadium,South Africa,West Indies,8,wickets,1498.0902250410513,1501.819953103579,0.49463269602707355,24.257630590700472,9,11
1273731,2021-10-27,"Zayed Cricket Stadium, Abu Dhabi",England,Bangladesh,8,wickets,1501.9073273792073,1496.3309385112852,0.5080243796416309,23.614829777201713,10,11
1273732,2021-10-27,"Zayed Cricket Stadium, Abu Dhabi",Namibia,Scotland,4,wickets,1501.7859592617983,1504.3725060651377,0.4962777286967394,19.342935218045202,10,11
1273733,2021-10-28,Dubai International Cricket Stadium,Australia,Sri Lanka,7,wickets,1499.8944147007858,1507.0359440171617,0.4897239603512698,24.493249903139052,9,11
1273734,2021-10-29,Sharjah Cricket Stadium,West Indies,Bangladesh,3,runs,1499.6232282397866,1494.1971617634144,0.5078081025610309,15.75014071804701,11,11
1273736,2021-10-30,Sharjah Cricket Stadium,South Africa,Sri Lanka,4,wickets,1499.6818763333476,1504.809284935058,0.49262160151836515,19.48333050169478,11,11
1273737,2021-10-30,Dubai International Cricket Stadium,England,Australia,8,wickets,1504.1671619522774,1501.763308359185,0.5034593682054288,23.833950326139416,9,11
1273739,2021-10-31,Dubai International Cricket Stadium,New Zealand,India,8,wickets,1500.9039331558688,1501.7176089887885,0.4988290284886836,24.056206632543187,9,11
1273740,2021-11-01,Sharjah Cricket Stadium,England,Sri Lanka,26,runs,1505.5392587508454,1503.0380730712677,0.5035994333573153,19.061781759079093,11,11
1273742,2021-11-02,"Zayed Cricket Stadium, Abu Dhabi",Pakistan,Namibia,45,runs,1503.5191937143584,1502.3642322915398,0.5016621169745125,23.9202183852234,9,10
1273741,2021-11-02,"Zayed Cricket Stadium, Abu Dhabi",South Africa,Bangladesh,6,wickets,1501.4530881971389,1494.4590310948224,0.5100638978779887,23.516932901856542,11,11
1273743,2021-11-03,Dubai International Cricket Stadium,New Zealand,Scotland,16,runs,1502.2098117625972,1502.9328140967255,0.49895951750393364,19.239954527848948,11,11
1273745,2021-11-04,Dubai International Cricket Stadium,Australia,Bangladesh,8,wickets,1499.7645549233107,1492.1370956805692,0.5109750330987881,23.47319841125817,8,11
1273746,2021-11-04,"Zayed Cricket Stadium, Abu Dhabi",Sri Lanka,West Indies,20,runs,1501.198378274271,1501.055059214154,0.5002062526954058,19.19207989649642,9,11
1273748,2021-11-05,Dubai International Cricket Stadium,India,Scotland,8,wickets,1501.5964354484795,1501.1837273214662,0.5005939344587825,23.97149114597844,9,11
1273747,2021-11-05,Sharjah Cricket Stadium,New Zealand,Namibia,52,runs,1503.9588985378562,1500.9252870436978,0.5043656069366333,23.7904508670416,11,11
1273749,2021-11-06,"Zayed Cricket Stadium, Abu Dhabi",Australia,West Indies,8,wickets,1501.8984820516066,1499.5394223158794,0.5033949076914443,23.83704443081067,8,11
1273750,2021-11-06,Sharjah Cricket Stadium,South Africa,England,10,runs,1503.9335049421695,1506.5218220772558,0.49627518112585206,19.343033044767278,9,11
1273752,2021-11-07,Sharjah Cricket Stadium,Pakistan,Scotland,72,runs,1504.6203453435228,1499.5919475280562,0.5072359409397454,23.652674834892217,11,11
1273753,2021-11-08,Dubai International Cricket Stadium,India,Namibia,9,wickets,1503.5662720647592,1499.1189333267087,0.5063998853851656,23.692805501512055,8,11
1273754,2021-11-10,"Zayed Cricket Stadium, Abu Dhabi",New Zealand,England,5,wickets,1506.121666798496,1504.432181752848,0.502431345261651,19.1066363419526,11,10
1273755,2021-11-11,Dubai International Cricket Stadium,Australia,Pakistan,5,wickets,1503.2388799658854,1506.7705885103312,0.494917637895619,19.39516270480823,11,11
1273756,2021-11-14,Dubai International Cricket Stadium,Australia,New Zealand,8,wickets,1505.8286827002994,1507.146292843059,0.4981038156697391,24.091016847852526,8,11
1298136,2022-10-16,"GMHBA Stadium, South Geelong, Victoria",Netherlands,United Arab Emirates,3,wickets,1495.6289076998148,1500.0,0.49370982438865857,19.44154274347551,11,11
1298135,2022-10-16,"GMHBA Stadium, South Geelong, Victoria",Namibia,Sri Lanka,55,runs,1496.9942934327842,1501.0650708385076,0.49414194845419934,24.28118647419843,10,11
1298138,2022-10-17,"Bellerive Oval, Hobart",Zimbabwe,Ireland,31,runs,1500.9510056626075,1498.000201291498,0.5042464467462092,23.796170556181956,11,11
1298137,2022-10-17,"Bellerive Oval, Hobart",Scotland,West Indies,42,runs,1497.9960286938644,1497.6941791225106,0.5004343963427845,23.979148975546345,11,11
1298139,2022-10-18,"GMHBA Stadium, South Geelong, Victoria",Netherlands,Namibia,5,wickets,1497.593410781025,1499.2016740213478,0.4976855396790516,19.28887527632442,11,10
1298140,2022-10-18,"GMHBA Stadium, South Geelong, Victoria",Sri Lanka,United Arab Emirates,79,runs,1499.0450114725004,1498.393260930291,0.5009379433265818,23.95497872032407,11,11
1298141,2022-10-19,"Bellerive Oval, Hobart",Ireland,Scotland,6,wickets,1495.8369130591177,1500.175951328005,0.4937559466005176,24.299714563175158,11,11
1298142,2022-10-19,"Bellerive Oval, Hobart",West Indies,Zimbabwe,31,runs,1496.6176254612271,1502.9176313284077,0.4909345563070716,24.435141297260564,11,11
1298143,2022-10-20,"GMHBA Stadium, South Geelong, Victoria",Sri Lanka,Netherlands,16,runs,1501.7418357819045,1499.3469448970545,0.5034464704465658,19.067655534851873,11,11
1298144,2022-10-20,"GMHBA Stadium, South Geelong, Victoria",United Arab Emirates,Namibia,7,runs,1496.4982078730345,1497.3713074534264,0.498743511345873,16.040207636932063,10,11
1298145,2022-10-21,"Bellerive Oval, Hobart",Ireland,West Indies,9,wickets,1498.1387946391312,1498.6370586262901,0.4992829409733362,24.034418833279865,9,11
1298146,2022-10-21,"Bellerive Oval, Hobart",Zimbabwe,Scotland,5,wickets,1501.2101556278362,1497.9668863677164,0.504667304088029,19.020775523019687,10,11
1298147,2022-10-22,Sydney Cricket Ground,New Zealand,Australia,89,runs,1504.4786592118871,1506.2791240334425,0.4974089460323626,24.1243705904466,10,11
1298149,2022-10-23,"Bellerive Oval, Hobart",Sri Lanka,Ireland,9,wickets,1504.076248421156,1499.8336620648572,0.5061052691089338,23.706947082771176,8,11
1298150,2022-10-23,Melbourne Cricket Ground,India,Pakistan,4,wickets,1503.9529704206543,1503.1579932064574,0.5011440621800844,19.156068012284756,11,11
1298151,2022-10-24,"Bellerive Oval, Hobart",Bangladesh,Netherlands,9,runs,1495.1799901708093,1497.4919911288307,0.4966728122733061,16.106470007254202,11,10
1298153,2022-10-25,Perth Stadium,Australia,Sri Lanka,7,wickets,1504.0671223691447,1505.0426604723637,0.49859609150558765,24.067387607731796,9,11
1298154,2022-10-26,Melbourne Cricket Ground,Ireland,England,5,runs,1497.869337604279,1501.8080350982402,0.4943320014724857,16.181375952880458,11,11
1298157,2022-10-27,Sydney Cricket Ground,India,Netherlands,56,runs,1506.089728191109,1496.4855204269168,0.5138180465433367,23.33673376591984,10,11
1298156,2022-10-27,Sydney Cricket Ground,South Africa,Bangladesh,104,runs,1502.9810287211114,1496.511103394549,0.509309894879341,23.55312504579163,11,11
1298158,2022-10-27,Perth Stadium,Zimbabwe,Pakistan,1,runs,1502.1979080196477,1501.380695887684,0.501176060626697,15.962366059945698,11,11
1298161,2022-10-29,Sydney Cricket Ground,New Zealand,Sri Lanka,65,runs,1506.4195344414459,1502.38619625402,0.505804179507642,23.721399383633184,11,11
1298162,2022-10-30,"Brisbane Cricket Ground, Woolloongabba, Brisbane",Bangladesh,Zimbabwe,3,runs,1494.6976754569405,1503.991310205716,0.48662857350814664,16.42788564773931,11,11
1298163,2022-10-30,Perth Stadium,Pakistan,Netherlands,6,wickets,1500.611645650054,1494.1348857468622,0.5093197272121337,23.552653093817582,11,12
1298164,2022-10-30,Perth Stadium,South Africa,India,5,wickets,1504.3709740426602,1507.271906652193,0.495825319398213,19.360307735108623,11,11
1298165,2022-10-31,"Brisbane Cricket Ground, Woolloongabba, Brisbane",Australia,Ireland,42,runs,1505.6772316728384,1499.3403717818137,0.50911846335959,23.56231375873968,11,11
1298167,2022-11-01,"Brisbane Cricket Ground, Woolloongabba, Brisbane",England,New Zealand,20,runs,1500.3370009207051,1508.576025294503,0.48814531286881074,19.655219985837668,11,11
1298168,2022-11-02,Adelaide Oval,Netherlands,Zimbabwe,5,wickets,1491.624017982165,1502.6283529559769,0.48416878245819095,19.807918753605467,11,11
1298169,2022-11-02,Adelaide Oval,India,Bangladesh,5,runs,1506.0230613995243,1496.3932774902953,0.513854825388379,15.556645587571872,11,11
1298170,2022-11-03,Sydney Cricket Ground,Pakistan,South Africa,33,runs,1502.1663069484357,1505.4812920020665,0.4952294977820705,24.228984106460615,11,11
1298171,2022-11-04,Adelaide Oval,New Zealand,Ireland,35,runs,1506.7891871139727,1497.198343258292,0.5137988290012617,23.33765620793944,11,11
1298173,2022-11-05,Sydney Cricket Ground,England,Sri Lanka,4,wickets,1502.0495435885537,1500.2297054009623,0.5026189337257395,19.099432944931603,10,11
1298176,2022-11-06,Melbourne Cricket Ground,India,Zimbabwe,71,runs,1506.9106814515362,1500.8365551705144,0.5087404799121913,23.580456964214818,11,11
1298175,2022-11-06,Adelaide Oval,Pakistan,Bangladesh,5,wickets,1504.3689418672047,1494.2746557598591,0.5145227593744587,18.642326040020787,11,11
1298174,2022-11-06,Adelaide Oval,Netherlands,South Africa,13,runs,1493.424737868857,1503.8150735043025,0.48505156117845394,19.774020050747367,11,11
1298177,2022-11-09,Sydney Cricket Ground,Pakistan,New Zealand,7,wickets,1506.3854729382178,1508.9107922237854,0.4963658374091276,24.174439804361878,10,11
1298178,2022-11-10,Adelaide Oval,England,India,10,wickets,1504.6705444655615,1509.054359357374,0.49369151801368183,24.302807135343272,8,11
1298179,2022-11-13,Melbourne Cricket Ground,England,Pakistan,5,wickets,1505.49251498008,1508.0615863670716,0.4963028764580735,19.341969544009977,11,11
1415701,2024-06-01,"Grand Prairie Stadium, Dallas",United States of America,Canada,7,wickets,1500.5261355004677,1500.0,0.5007571692713836,23.96365587497359,10,11
1415702,2024-06-02,"Providence Stadium, Guyana",West Indies,Papua New Guinea,5,wickets,1498.7710027494088,1495.761499801294,0.5043309145739029,19.03369288036213,11,11
1415704,2024-06-03,"Nassau County International Cricket Stadium, New York",South Africa,Sri Lanka,6,wickets,1502.9413034876316,1499.5414696019618,0.5048925981003746,23.76515529118202,11,11
1415707,2024-06-04,"Grand Prairie Stadium, Dallas",Netherlands,Nepal,6,wickets,1496.4372893009343,1499.9987544406652,0.49487481917461,24.246008679618722,10,11
1415708,2024-06-05,"Nassau County International Cricket Stadium, New York",India,Ireland,8,wickets,1504.146386811527,1495.5288324291503,0.5123991151025067,23.40484247507968,11,11
1415709,2024-06-05,"Providence Stadium, Guyana",Uganda,Papua New Guinea,3,wickets,1500.0,1494.1884673318425,0.5083626878870714,18.87887278513646,11,11
1415710,2024-06-05,"Kensington Oval, Bridgetown, Barbados",Australia,Oman,39,runs,1506.4587854887172,1498.833779533674,0.5109715042344847,23.473367796744736,10,11
1415712,2024-06-06,"Kensington Oval, Bridgetown, Barbados",Scotland,Namibia,5,wickets,1497.125834162731,1498.2851328069255,0.4983316413314185,19.26406497287353,11,11
1415713,2024-06-07,"Nassau County International Cricket Stadium, New York",Canada,Ireland,12,runs,1498.019532572316,1492.8677679105385,0.5074134420004931,18.915323827181066,11,11
1415715,2024-06-07,"Grand Prairie Stadium, Dallas",Bangladesh,Sri Lanka,2,wickets,1492.557810534114,1497.37542515581,0.49306733955527726,16.221845134231128,11,11
1415718,2024-06-08,"Providence Stadium, Guyana",West Indies,Uganda,134,runs,1500.6264295008302,1501.7162611622846,0.498431611308056,24.07528265721331,10,11
1415717,2024-06-08,"Kensington Oval, Bridgetown, Barbados",Australia,England,36,runs,1508.8445706049686,1504.9067362633289,0.5056667565110622,23.727995687469015,11,11
1415716,2024-06-08,"Nassau County International Cricket Stadium, New York",South Africa,Netherlands,4,wickets,1505.0375210498046,1498.7649744619746,0.5090259395472552,18.8534039213854,10,11
1415719,2024-06-09,"Nassau County International Cricket Stadium, New York",India,Pakistan,6,runs,1506.2740997638068,1505.599836607543,0.5009703414645444,15.968949073134578,11,11
1415720,2024-06-09,"Sir Vivian Richards Stadium, North Sound, Antigua",Scotland,Oman,7,wickets,1498.0142178280466,1497.0878265570564,0.5013331810473644,23.936007309726513,11,11
1415721,2024-06-10,"Nassau County International Cricket Stadium, New York",South Africa,Bangladesh,4,runs,1506.6599047059528,1494.9683641134645,0.5168191313169884,15.46178779785637,11,11
1415724,2024-06-11,"Sir Vivian Richards Stadium, North Sound, Antigua",Australia,Namibia,9,wickets,1511.2910825513763,1496.2009256120325,0.5217028363234791,22.958263856473003,8,11
1415722,2024-06-11,"Nassau County International Cricket Stadium, New York",Pakistan,Canada,7,wickets,1503.763937748141,1499.7808292181574,0.5057319028399306,23.72486866368333,10,11
1415726,2024-06-12,"Brian Lara Stadium, Tarouba, Trinidad",West Indies,New Zealand,13,runs,1502.4910312473933,1505.6524201687937,0.49545052118101657,19.374699986648967,11,11
1415725,2024-06-12,"Nassau County International Cricket Stadium, New York",India,United States of America,7,wickets,1507.1582013454715,1502.2607256853407,0.5070475672545436,23.661716771781908,10,11
1415728,2024-06-13,"Sir Vivian Richards Stadium, North Sound, Antigua",England,Oman,8,wickets,1501.3876699398531,1494.953111763017,0.5092590150092017,23.555567279558318,8,11
1415727,2024-06-13,"Arnos Vale Ground, Kingstown, St Vincent",Bangladesh,Netherlands,25,runs,1493.5627470409324,1497.2068419064883,0.4947559182266396,19.401372740097035,11,11
1415732,2024-06-14,"Brian Lara Stadium, Tarouba, Trinidad",New Zealand,Uganda,9,wickets,1503.6614988721449,1499.6134901748037,0.5058252892131787,23.720386117767422,7,11
1415731,2024-06-14,"Arnos Vale Ground, Kingstown, St Vincent",South Africa,Nepal,1,runs,1507.3886984826072,1497.994952070449,0.5135153946056867,15.567507372618024,11,11
1415735,2024-06-15,"Daren Sammy National Cricket Stadium, Gros Islet, St Lucia",Australia,Scotland,5,wickets,1509.436301538234,1500.1902184925673,0.5133030427817801,18.689163157179646,11,11
1415734,2024-06-15,"Sir Vivian Richards Stadium, North Sound, Antigua",England,Namibia,41,runs,1504.9255258794467,1493.9297120762,0.5158189668758271,23.2406895899603,11,8
1415736,2024-06-16,"Central Broward Regional Park Stadium Turf Ground, Lauderhill",Pakistan,Ireland,3,wickets,1505.77918964277,1491.8378695737972,0.5200524112232895,18.42998740902568,11,11
1415737,2024-06-16,"Arnos Vale Ground, Kingstown, St Vincent",Bangladesh,Nepal,21,runs,1495.326508199123,1496.9087614502293,0.49772297027331297,19.28743794150478,11,11
1415738,2024-06-16,"Daren Sammy National Cricket Stadium, Gros Islet, St Lucia",Sri Lanka,Netherlands,83,runs,1495.900711961789,1495.4430807482977,0.5006585838755551,23.968387973973357,11,11
1415739,2024-06-17,"Brian Lara Stadium, Tarouba, Trinidad",New Zealand,Papua New Guinea,7,wickets,1506.470598731478,1492.9415569005541,0.5194600215191909,23.065918967078836,10,11
1415741,2024-06-19,"Sir Vivian Richards Stadium, North Sound, Antigua",South Africa,United States of America,18,runs,1509.4230980942345,1500.1071651597804,0.5134034931555922,18.68530586282526,11,11
1415742,2024-06-19,"Daren Sammy National Cricket Stadium, Gros Islet, St Lucia",England,West Indies,8,wickets,1506.4831876924704,1504.2523676098158,0.5032103640495244,23.845902525622833,10,11
1415744,2024-06-20,"Sir Vivian Richards Stadium, North Sound, Antigua",Australia,Bangladesh,28,runs,1515.53649966145,1496.2491991959555,0.527728178867317,18.135237931495023,9,11
1415746,2024-06-21,"Kensington Oval, Bridgetown, Barbados",West Indies,United States of America,9,wickets,1501.2264156952376,1498.9129003995024,0.5033293669372829,23.84019038701042,9,11
1415745,2024-06-21,"Daren Sammy National Cricket Stadium, Gros Islet, St Lucia",South Africa,England,7,runs,1510.8963327896788,1508.2069224120025,0.5038702953515849,15.876150548749283,11,11
1415747,2024-06-22,"Sir Vivian Richards Stadium, North Sound, Antigua",India,Bangladesh,50,runs,1509.160381575396,1495.1741101451166,0.5201169970493174,23.034384141632767,11,11
1415750,2024-06-23,"Sir Vivian Richards Stadium, North Sound, Antigua",South Africa,West Indies,3,wickets,1512.4338408213298,1501.6007303941808,0.5155850488204571,18.601534125294446,11,11
1415749,2024-06-23,"Kensington Oval, Bridgetown, Barbados",England,United States of America,10,wickets,1508.3538998029624,1496.7456103643196,0.5166994578802595,23.198426021747544,8,11
1415751,2024-06-24,"Daren Sammy National Cricket Stadium, Gros Islet, St Lucia",India,Australia,24,runs,1511.254416497363,1515.068830186419,0.49451083797863576,19.410783821620385,11,11
1415754,2024-06-27,"Providence Stadium, Guyana",India,England,68,runs,1513.0190332084194,1509.0336796885924,0.5057351332151953,23.72471360567063,11,11
1415755,2024-06-29,"Kensington Oval, Bridgetown, Barbados",India,South Africa,7,runs,1515.1758253543894,1514.1248893781749,0.5015124138326498,15.951602757355207,11,11
